study_hours_week,attendance_pct,sleep_hours,prev_exam_score,tutoring_sessions_month,teaching_quality,school_type,physical_activity_hours,gender,final_exam_score
23,84,7,73,0,Medium,Public,3,Male,67
25,78,6,50,1,High,Public,2,Male,66
10,78,8,74,1,Medium,Private,4,Male,65
19,99,6,84,1,High,Public,3,Male,72
16,90,4,58,1,Medium,Public,3,Female,66
13,72,6,93,1,Medium,Public,3,Male,61
19,63,7,94,1,Medium,Private,3,Male,64
9,77,5,57,2,High,Public,3,Male,63
15,83,5,89,1,High,Public,2,Female,65
13,78,9,96,2,Medium,Public,3,Male,67
22,98,7,52,3,Medium,Public,3,Female,70
18,81,8,71,0,Medium,Public,3,Female,65
15,95,7,93,2,Medium,Public,4,Male,70
26,70,8,75,1,Low,Private,4,Female,63
20,69,6,73,2,Medium,Private,3,Male,66
22,99,6,92,3,Medium,Public,4,Male,72
20,71,7,62,2,Medium,Public,5,Male,66
25,72,8,94,2,Medium,Private,4,Female,70
14,98,7,76,0,High,Private,4,Female,69
23,77,7,79,0,High,Public,2,Male,66
21,96,8,64,2,High,Public,0,Male,71
12,96,8,62,2,High,Public,3,Female,68
22,76,8,92,1,High,Public,4,Female,68
25,64,5,89,2,Medium,Public,4,Male,66
19,91,6,59,5,High,Public,4,Male,70
25,82,6,86,3,High,Public,3,Female,69
14,71,8,85,2,High,Public,4,Male,64
11,62,5,82,3,Medium,Private,4,Male,64
15,95,6,88,1,Medium,Public,5,Male,66
26,96,7,68,3,Medium,Private,3,Female,74
23,77,6,69,1,Medium,Private,2,Female,67
19,70,7,54,0,Medium,Public,2,Male,89
17,69,9,83,2,High,Private,4,Female,66
21,67,7,96,3,Medium,Public,2,Female,64
16,71,5,73,1,Medium,Public,0,Male,63
18,92,8,54,1,Medium,Public,3,Male,67
33,71,5,84,1,Medium,Public,2,Male,68
25,69,7,70,1,High,Public,4,Female,65
30,81,5,67,1,High,Public,1,Male,69
20,80,6,53,0,Medium,Public,2,Male,65
21,98,4,57,2,Low,Public,2,Female,68
24,88,6,86,0,Low,Public,3,Male,67
22,73,9,72,3,Medium,Public,3,Female,66
17,86,4,60,2,Low,Private,3,Female,67
23,79,6,97,1,Low,Public,4,Male,69
20,80,8,81,3,Medium,Private,4,Male,69
15,87,4,80,0,Medium,Private,3,Male,67
24,80,7,96,0,High,Public,0,Female,70
15,76,6,84,0,High,Public,3,Female,65
17,78,8,88,0,Medium,Public,3,Female,65
22,84,8,69,3,High,Private,4,Male,70
18,64,6,83,2,Medium,Public,2,Male,65
24,98,6,97,1,Medium,Public,4,Male,74
23,87,8,56,1,High,Public,3,Male,71
33,76,10,92,1,Medium,Private,3,Female,72
21,65,9,56,1,Medium,Public,5,Male,63
12,72,6,72,2,High,Private,2,Female,61
27,87,8,77,1,High,Public,4,Male,70
14,65,5,59,1,Medium,Public,4,Male,63
28,100,6,72,1,Medium,Public,2,Female,73
32,68,8,97,1,Medium,Public,2,Male,68
24,74,6,78,3,High,Public,3,Female,70
29,95,9,64,1,High,Public,3,Female,72
20,76,7,52,2,High,Private,3,Female,64
17,97,9,96,0,Medium,Public,1,Male,71
15,89,6,71,1,High,Public,4,Female,68
16,61,8,91,2,High,Public,3,Male,63
17,85,7,94,4,Medium,Public,3,Female,69
23,77,7,51,1,Low,Private,3,Male,67
21,60,8,93,0,Medium,Public,2,Female,63
20,83,7,79,2,Medium,Public,5,Male,66
19,88,5,95,2,Medium,Private,4,Male,69
16,60,8,66,1,High,Private,2,Female,59
20,97,5,62,1,Medium,Private,4,Male,69
21,82,7,52,4,Medium,Public,3,Male,67
9,79,7,90,1,Low,Public,3,Male,63
20,85,9,61,2,Medium,Public,3,Male,70
17,99,6,59,0,Medium,Public,3,Male,68
23,64,7,59,3,Medium,Public,2,Female,65
22,97,6,54,1,High,Public,3,Male,72
22,71,9,56,1,High,Public,3,Female,84
14,94,7,74,1,Medium,Private,5,Male,70
25,82,7,81,2,Medium,Private,2,Male,71
18,84,6,71,4,Low,Public,2,Female,69
25,86,7,81,1,Low,Public,1,Male,69
17,88,8,94,5,Medium,Public,2,Female,70
25,74,9,88,3,High,Public,3,Male,70
29,97,8,58,1,Medium,Private,4,Female,72
21,72,7,60,0,Medium,Private,4,Male,65
28,62,6,96,4,High,Public,3,Male,70
10,71,7,55,2,High,Public,3,Female,63
20,65,7,62,0,Medium,Public,0,Male,80
19,78,5,55,0,Medium,Public,4,Male,66
27,73,7,99,1,Medium,Public,4,Male,68
21,98,5,66,3,High,Public,5,Male,73
21,98,5,63,0,High,Public,2,Male,70
18,91,7,71,0,Medium,Public,3,Male,70
28,65,4,64,6,High,Public,3,Male,70
19,91,9,67,0,Medium,Private,3,Female,66
24,90,8,65,4,Medium,Public,4,Male,70
17,77,9,67,0,High,Public,5,Female,62
31,63,7,74,3,Medium,Public,2,Male,66
20,65,6,97,0,Low,Private,3,Female,65
10,81,7,85,1,Medium,Public,2,Male,63
17,98,5,75,1,Low,Private,3,Male,67
23,98,9,88,1,Medium,Public,4,Female,72
16,81,7,66,3,High,Private,4,Male,69
12,85,7,88,1,Medium,Public,0,Female,67
23,74,6,100,2,Low,Private,3,Male,68
19,80,8,82,5,Low,Public,3,Male,67
24,96,6,93,2,Medium,Public,2,Female,94
19,67,8,98,2,Medium,Private,2,Female,64
23,71,7,69,3,Medium,Public,5,Female,66
21,76,8,83,0,Medium,Public,5,Male,68
20,98,7,75,4,Medium,Private,1,Male,72
18,64,10,68,1,Medium,Public,5,Male,62
29,84,6,90,0,High,Public,3,Male,73
26,83,8,83,2,High,Public,2,Female,71
29,81,9,51,2,Medium,Public,5,Male,70
15,71,8,60,5,High,Public,4,Female,63
20,79,6,74,2,Medium,Public,2,Male,64
35,64,8,51,2,Medium,Public,5,Male,66
29,80,8,52,4,Medium,Public,4,Female,71
11,85,4,92,0,High,Public,1,Male,64
24,91,7,93,0,Medium,Public,2,Male,71
31,62,8,83,0,High,Private,2,Female,67
17,87,6,84,0,Medium,Public,3,Male,67
27,63,6,98,1,High,Public,2,Female,67
19,84,7,85,1,Medium,Private,3,Male,68
28,83,6,98,1,High,Private,2,Male,72
18,71,7,61,2,Medium,Public,4,Male,61
21,89,4,57,1,Medium,Private,2,Female,68
27,82,5,62,1,High,Private,4,Female,69
31,95,5,87,2,Medium,Public,3,Male,75
21,74,6,66,1,High,Private,4,Male,66
14,68,6,52,2,Medium,Public,2,Male,62
12,94,7,91,3,Medium,Private,3,Female,71
23,94,8,62,2,Medium,Public,0,Female,69
16,93,7,71,0,High,Public,2,Male,67
16,68,7,85,1,High,Private,3,Female,64
25,91,7,73,2,Medium,Public,3,Female,72
25,76,6,88,1,Medium,Private,3,Male,66
14,81,5,58,3,High,Public,4,Male,66
26,100,7,74,1,Medium,Public,2,Female,72
26,80,7,94,1,Medium,Private,2,Male,70
21,76,5,78,0,High,Public,3,Male,65
20,90,8,70,0,Medium,Private,3,Female,68
14,81,6,64,2,High,Public,2,Female,64
13,71,7,86,2,Medium,Public,3,Male,65
20,72,8,60,0,Medium,Public,5,Male,63
16,67,8,98,0,Low,Private,3,Male,63
27,89,7,65,1,Medium,Public,3,Female,70
18,94,7,56,1,Medium,Public,3,Male,69
23,61,6,73,1,Medium,Public,3,Male,65
29,80,5,85,0,High,Public,2,Male,69
23,93,8,51,0,High,Private,1,Male,67
24,85,8,95,2,Medium,Public,4,Female,70
22,75,5,66,2,Medium,Public,2,Male,80
24,80,6,89,1,High,Public,3,Male,69
23,97,9,62,0,Medium,Private,2,Male,70
27,82,6,51,1,Medium,Public,3,Male,66
15,89,10,98,0,Medium,Private,2,Male,67
19,63,7,58,2,High,Private,3,Female,64
28,97,9,93,3,High,Public,3,Female,74
30,61,10,64,4,Medium,Public,2,Male,69
26,64,6,62,1,Medium,Private,5,Male,64
12,89,7,63,4,High,Public,2,Male,67
25,83,6,97,0,Low,Public,4,Male,69
10,85,8,64,2,Medium,Public,3,Female,67
11,62,7,87,3,High,Public,3,Female,61
21,71,7,51,3,High,Private,3,Female,66
23,76,7,57,1,Medium,Public,3,Female,66
20,71,7,70,0,High,Public,4,Female,65
16,91,6,91,1,Medium,Public,2,Female,68
15,68,6,94,0,High,Public,5,Female,64
19,94,10,65,1,High,Public,3,Male,69
19,76,6,59,1,Medium,Public,3,Female,66
30,75,4,79,0,Medium,Public,4,Male,67
20,97,7,94,1,Medium,Public,1,Male,72
22,65,10,81,1,Low,Private,3,Male,63
23,71,4,79,2,Medium,Public,3,Male,67
15,68,6,50,2,Low,Public,3,Male,62
27,72,7,79,2,High,Public,2,Female,68
19,88,6,86,4,Medium,Public,3,Male,70
13,80,4,66,2,Medium,Public,2,Female,64
19,78,7,76,2,Low,Public,3,Female,66
19,76,8,53,1,Medium,Public,4,Female,66
23,92,6,54,3,Medium,Public,2,Male,70
14,60,7,89,2,Medium,Public,3,Male,60
23,69,6,58,0,Medium,Public,1,Female,65
29,91,5,54,2,Medium,Public,3,Male,71
18,68,8,91,1,High,Private,3,Female,65
26,90,9,71,0,Low,Private,2,Female,71
9,61,6,77,1,Medium,Private,2,Male,82
11,61,7,90,0,High,Public,3,Female,61
19,71,10,81,2,High,Public,3,Female,68
12,99,6,94,2,Medium,Public,3,Male,69
31,67,5,76,2,High,Public,4,Male,70
28,82,5,95,0,Low,Public,3,Male,69
21,98,10,95,0,Medium,Public,1,Male,71
14,70,9,88,0,Medium,Private,4,Female,64
29,86,10,84,1,High,Private,4,Female,72
16,82,8,75,2,Medium,Public,2,Female,66
26,93,5,85,1,High,Public,3,Female,73
19,75,7,65,0,Low,Private,4,Female,63
22,92,7,55,1,Medium,Public,4,Female,68
21,67,9,93,1,High,Public,3,Male,66
20,92,8,89,1,Medium,Public,3,Female,69
25,94,5,71,4,High,Public,4,Female,74
15,83,7,57,0,Medium,Private,3,Male,65
27,94,7,57,1,Medium,Private,1,Male,71
23,68,7,71,3,Medium,Public,3,Female,68
21,84,9,53,2,High,Public,3,Female,65
35,83,6,53,1,Medium,Private,2,Female,69
26,67,5,62,0,Medium,Public,2,Male,63
17,64,7,69,1,Medium,Public,3,Female,62
16,66,9,52,1,Low,Public,3,Male,59
31,61,7,84,2,Medium,Private,3,Male,68
31,65,7,71,1,Medium,Public,4,Male,65
19,85,9,71,1,High,Public,2,Female,69
20,93,8,69,2,Medium,Public,4,Male,67
22,87,7,75,0,High,Public,2,Female,70
19,72,5,52,2,Medium,Public,3,Male,66
16,87,5,76,1,High,Private,2,Female,67
11,87,7,92,1,Medium,Public,5,Female,67
20,83,7,68,1,Medium,Public,1,Female,67
14,98,10,82,1,Medium,Private,3,Male,69
21,85,10,61,2,Medium,Public,2,Male,68
24,73,9,71,0,Medium,Public,3,Male,64
15,93,5,86,0,Medium,Public,2,Male,66
18,75,6,100,2,Medium,Public,3,Female,67
15,86,10,68,0,Medium,Public,5,Male,69
31,80,6,71,2,High,Public,3,Female,71
15,61,7,98,1,Medium,Public,3,Male,62
32,86,6,77,2,Low,Private,4,Male,71
23,74,8,66,0,Medium,Public,4,Female,65
21,69,5,62,2,Medium,Public,3,Male,65
27,99,7,53,2,High,Public,3,Male,73
14,78,8,80,1,Medium,Public,1,Female,66
14,69,5,91,0,Medium,Public,3,Male,63
22,97,7,79,2,High,Public,0,Male,71
21,78,6,91,0,Low,Private,1,Male,64
21,61,4,90,2,Low,Public,3,Male,63
23,66,8,73,2,Medium,Public,2,Female,66
19,70,9,86,2,Medium,Public,2,Male,63
19,69,7,84,2,Medium,Public,4,Male,66
24,88,7,71,1,High,Public,3,Male,67
31,90,7,61,0,Medium,Public,3,Male,72
14,80,8,93,3,High,Private,4,Female,67
27,78,5,77,0,Low,Private,3,Male,69
4,61,7,71,0,Low,Public,1,Male,58
26,81,5,82,0,Medium,Public,5,Female,67
19,92,8,67,2,Medium,Private,2,Female,69
30,85,7,65,2,Medium,Public,3,Female,70
17,80,6,81,1,High,Public,1,Male,65
11,63,7,55,3,Medium,Private,1,Male,62
19,76,5,66,2,Medium,Private,4,Female,66
20,65,6,100,2,High,Public,5,Male,67
22,89,8,78,4,Medium,Private,3,Female,70
25,73,6,80,3,Medium,Public,2,Female,69
19,99,8,69,0,Medium,Private,2,Male,68
28,73,7,93,2,High,Private,3,Male,68
16,61,6,85,2,Medium,Private,3,Male,64
9,73,7,95,3,Medium,Private,3,Male,62
26,93,6,94,6,Medium,Private,4,Female,74
16,99,7,77,0,Medium,Public,3,Female,68
25,62,5,71,0,High,Private,4,Male,65
18,63,8,62,2,Medium,Public,4,Female,65
17,79,7,80,1,High,Public,3,Female,67
16,64,7,51,4,High,Public,3,Male,66
23,76,7,86,1,Medium,Private,4,Male,64
30,64,7,86,1,Medium,Private,3,Female,66
19,79,9,82,1,Medium,Private,4,Male,65
33,93,7,98,0,Medium,Public,2,Female,74
19,96,5,70,0,Medium,Public,2,Male,66
14,81,4,85,3,High,Public,4,Female,69
17,98,6,62,1,Medium,Private,2,Female,68
21,95,9,75,1,Medium,Public,2,Male,69
22,70,8,74,2,High,Public,2,Male,65
16,88,7,51,0,Medium,Public,3,Female,68
20,83,9,87,0,Medium,Public,2,Male,68
19,75,6,64,2,Medium,Public,3,Female,64
20,60,8,67,1,Medium,Public,4,Female,63
12,96,9,76,2,High,Public,2,Male,68
16,93,6,56,2,Medium,Public,4,Male,67
26,68,8,96,1,High,Public,2,Male,69
15,86,6,90,0,High,Public,3,Male,66
26,80,8,73,1,Medium,Public,3,Male,69
18,71,9,93,1,High,Private,4,Male,68
12,72,7,90,0,Medium,Public,3,Male,63
25,67,9,82,1,Medium,Public,3,Female,67
17,94,8,85,1,Low,Public,4,Male,68
15,96,7,84,3,Low,Public,1,Male,72
15,90,5,70,0,Medium,Private,2,Male,65
22,79,7,71,2,High,Private,2,Male,66
17,78,9,65,1,High,Public,4,Female,65
21,99,7,53,0,Low,Public,4,Female,71
17,81,8,86,1,Medium,Private,3,Male,68
17,72,7,61,1,Medium,Public,4,Female,65
13,70,8,75,1,Medium,Public,2,Male,66
22,70,7,85,0,Medium,Private,3,Male,64
24,84,6,74,2,High,Public,2,Male,69
24,92,7,85,0,Medium,Public,3,Female,73
25,82,5,86,0,Low,Public,4,Male,67
24,90,7,58,2,Medium,Private,2,Male,70
17,91,10,86,1,Medium,Public,3,Female,67
21,98,9,59,3,Medium,Public,3,Female,70
10,79,8,73,1,Low,Public,4,Female,63
18,98,7,80,3,Medium,Private,1,Female,72
27,83,9,94,2,High,Public,2,Male,72
26,65,7,67,4,Medium,Private,3,Female,65
21,77,7,58,0,High,Public,3,Male,64
7,96,6,68,2,High,Public,1,Female,67
23,100,5,93,4,Medium,Private,3,Male,73
16,92,4,90,6,Medium,Private,3,Male,72
23,88,6,82,0,Medium,Private,3,Male,69
25,86,6,59,3,Medium,Public,3,Female,69
19,95,8,99,0,Medium,Public,2,Male,70
29,97,7,86,0,Medium,Public,3,Female,74
25,96,5,69,0,Medium,Public,4,Male,71
21,82,7,53,0,Medium,Public,2,Male,69
12,90,6,75,2,Medium,Public,3,Male,69
12,69,7,92,1,Medium,Public,3,Female,64
22,93,6,52,1,Medium,Public,3,Female,69
17,78,9,51,1,Medium,Private,3,Male,63
13,66,6,90,2,Medium,Public,3,Male,63
27,68,5,97,1,Medium,Public,4,Male,68
29,71,7,92,1,Medium,Public,3,Female,69
23,78,8,66,1,High,Public,1,Female,67
22,68,4,92,2,Medium,Public,3,Male,68
18,67,7,78,2,Medium,Public,3,Female,63
16,82,10,69,2,Medium,Public,4,Male,68
20,99,6,91,2,Low,Public,4,Male,70
20,69,6,65,1,Medium,Public,2,Female,64
20,67,6,59,1,Medium,Private,4,Female,65
27,68,6,52,1,Low,Private,5,Female,66
24,69,6,96,4,Medium,Public,4,Male,70
22,61,5,63,1,Medium,Public,3,Male,64
17,67,9,63,1,High,Public,4,Male,61
23,69,8,86,0,High,Public,4,Male,66
14,79,8,51,0,High,Public,4,Male,64
14,90,7,60,2,Medium,Public,4,Male,69
19,89,6,88,1,High,Public,2,Female,69
21,74,5,52,3,Medium,Private,1,Male,66
25,91,8,96,3,Medium,Public,3,Female,72
22,64,6,66,1,Medium,Public,4,Male,64
19,65,8,54,0,High,Private,3,Female,62
18,77,9,57,1,High,Public,2,Male,66
19,61,8,95,4,Medium,Private,3,Male,68
24,70,8,74,2,High,Public,3,Male,67
15,94,8,77,1,High,Private,1,Male,68
21,96,4,50,1,Low,Private,2,Male,69
25,71,5,98,0,Medium,Public,1,Male,66
34,74,7,76,2,High,Public,2,Female,71
12,81,9,86,2,High,Public,2,Male,68
25,72,8,58,0,Medium,Public,4,Female,66
17,75,8,53,1,High,Public,3,Female,65
22,63,6,63,1,Low,Public,2,Male,62
38,63,8,52,1,Medium,Private,3,Male,69
18,86,8,60,2,High,Private,1,Male,88
21,60,8,99,0,Low,Private,3,Male,62
24,80,7,69,0,High,Private,3,Male,67
17,90,8,65,2,High,Public,3,Male,71
12,75,8,54,1,High,Public,3,Female,62
26,61,9,91,0,High,Private,4,Female,67
23,87,5,59,1,Low,Public,4,Male,70
14,69,8,79,1,Medium,Public,1,Female,62
19,94,5,53,1,Medium,Public,3,Female,68
29,66,6,66,0,Medium,Private,3,Male,68
27,87,6,91,4,Medium,Public,4,Male,72
27,88,6,55,2,Medium,Public,5,Male,67
21,62,7,58,2,High,Public,1,Female,64
16,95,10,86,4,Medium,Public,2,Female,70
13,66,6,69,2,Medium,Private,4,Male,61
23,87,6,98,3,Medium,Public,3,Male,72
15,97,6,63,2,Medium,Public,3,Female,69
21,96,6,78,2,High,Private,3,Female,71
22,61,6,84,0,Medium,Public,2,Male,64
18,84,6,50,4,High,Private,3,Male,68
26,88,6,81,1,Medium,Public,2,Male,71
13,61,8,89,4,Medium,Private,4,Female,62
13,97,8,65,1,Medium,Private,2,Female,69
14,61,7,54,3,Medium,Public,2,Female,60
18,96,7,67,1,Medium,Public,2,Female,71
25,65,4,76,1,Medium,Private,1,Female,67
29,76,8,70,1,Low,Public,4,Female,67
32,62,7,86,0,Medium,Public,2,Female,67
29,100,7,87,3,Medium,Public,5,Female,74
24,92,5,55,1,Medium,Public,4,Male,69
29,77,9,84,0,High,Public,3,Female,69
27,90,7,86,2,Medium,Public,3,Male,74
22,76,8,59,1,Medium,Public,2,Female,66
5,83,7,61,2,Medium,Public,4,Male,61
29,98,5,86,2,Medium,Private,4,Male,73
13,94,6,65,2,Medium,Public,2,Male,68
25,72,8,52,0,Medium,Private,2,Male,66
19,93,7,83,1,Medium,Public,3,Female,69
23,63,9,84,0,Medium,Public,3,Female,64
15,84,9,67,1,High,Private,3,Male,65
14,83,7,84,1,Medium,Public,3,Female,66
21,84,7,97,2,Low,Public,4,Female,67
15,73,5,56,1,Medium,Public,2,Female,65
31,96,9,65,0,Medium,Private,2,Male,74
25,88,8,95,1,High,Public,4,Female,72
26,77,5,100,1,High,Private,5,Female,70
18,77,7,100,2,High,Private,3,Male,67
29,64,7,74,0,Medium,Public,2,Female,69
17,71,6,99,4,Medium,Public,3,Male,66
16,79,7,79,2,High,Public,2,Male,68
24,96,10,70,0,Medium,Public,4,Female,70
16,71,6,52,0,High,Public,1,Male,62
16,68,7,85,1,Medium,Public,2,Female,65
4,66,8,84,2,High,Public,3,Female,60
7,70,6,51,0,Medium,Private,1,Female,59
18,78,7,54,4,High,Public,4,Female,65
25,60,8,67,1,High,Public,2,Female,66
16,82,7,85,1,Medium,Public,4,Male,67
28,63,7,91,1,Medium,Private,1,Male,65
19,84,7,67,0,Low,Public,3,Female,68
26,62,7,72,1,Medium,Public,3,Female,64
26,93,4,69,2,Medium,Public,3,Male,70
2,67,6,73,1,Medium,Private,2,Male,58
14,75,5,95,0,Medium,Public,3,Male,82
16,60,8,67,0,Medium,Public,3,Male,61
9,90,9,65,3,Medium,Public,3,Female,67
21,89,7,76,1,Medium,Public,2,Male,71
24,92,8,57,3,Medium,Private,3,Female,71
34,68,7,67,0,Medium,Private,2,Male,67
22,62,7,95,2,Medium,Public,2,Male,66
31,84,8,98,1,Medium,Public,4,Female,73
19,66,7,58,5,Low,Public,4,Female,64
3,83,7,59,2,High,Public,5,Male,63
9,77,7,83,1,High,Private,4,Male,62
16,70,6,79,0,High,Public,3,Female,64
14,60,9,67,3,High,Public,3,Female,61
8,80,6,86,2,Medium,Public,3,Male,64
18,69,9,60,3,Medium,Public,2,Female,64
18,94,7,69,1,High,Public,2,Female,69
31,77,5,53,1,Medium,Public,2,Female,68
30,73,4,60,0,Low,Private,4,Female,66
27,62,7,96,2,Medium,Public,4,Male,66
27,89,7,99,0,High,Public,2,Female,72
15,67,7,94,0,Low,Private,2,Male,63
25,72,6,89,3,High,Public,5,Male,68
23,71,8,71,1,Low,Public,2,Female,64
22,94,7,75,0,High,Public,3,Male,69
23,94,9,75,3,Medium,Private,2,Female,69
18,94,5,81,0,Low,Public,5,Female,71
26,64,5,64,2,Medium,Public,1,Male,64
16,65,9,68,1,Medium,Public,3,Male,61
25,93,10,60,1,Medium,Public,3,Male,70
21,98,8,51,0,Medium,Public,3,Male,69
13,84,8,58,2,Low,Public,3,Female,66
24,70,9,65,3,Low,Private,3,Male,67
26,64,7,92,2,High,Private,4,Female,68
28,66,10,52,0,High,Public,3,Male,64
34,96,5,94,1,High,Public,5,Female,75
23,87,6,81,5,High,Private,2,Female,70
15,81,5,68,0,High,Public,3,Female,65
29,92,8,58,2,Low,Private,3,Male,72
14,96,9,76,0,High,Public,3,Male,66
27,61,5,70,2,Low,Public,2,Male,64
12,65,6,64,1,Medium,Public,3,Female,61
37,96,7,63,0,High,Private,4,Male,76
21,79,8,73,1,Low,Public,2,Female,64
21,64,7,83,2,Low,Public,3,Female,64
15,63,9,63,4,High,Private,3,Male,64
24,72,7,75,3,Medium,Private,2,Female,68
27,83,10,95,0,Low,Private,4,Female,69
25,96,7,98,0,Medium,Public,2,Female,71
29,67,7,75,3,Medium,Public,1,Female,65
14,89,6,82,2,Medium,Public,4,Female,69
27,70,7,88,1,Medium,Public,3,Male,65
23,80,6,97,0,Medium,Private,3,Male,70
27,75,10,86,3,Medium,Private,6,Female,69
23,76,5,85,1,Low,Public,3,Female,66
30,80,6,54,1,Medium,Public,3,Female,71
31,64,10,97,2,Medium,Private,4,Female,67
18,85,10,89,1,Medium,Private,3,Female,68
20,99,9,76,2,Medium,Public,5,Male,71
13,81,6,53,2,Medium,Public,4,Male,65
21,94,8,88,1,Medium,Public,3,Male,71
10,77,10,64,1,Medium,Private,3,Female,62
27,64,6,56,0,High,Public,5,Female,65
25,94,8,96,6,Medium,Public,3,Female,74
12,95,7,70,4,High,Public,3,Male,68
21,100,5,92,3,Low,Public,3,Male,71
32,76,7,63,0,Low,Public,3,Female,68
25,89,6,59,2,Medium,Public,2,Female,69
23,66,6,53,2,Medium,Public,1,Male,63
23,97,7,73,3,Medium,Private,1,Male,69
12,97,7,57,0,Medium,Private,4,Female,67
24,81,9,64,2,Low,Public,3,Male,70
12,84,7,50,3,High,Public,3,Male,65
20,73,5,70,1,High,Public,2,Male,66
12,65,6,86,1,Medium,Public,3,Female,62
20,92,7,53,2,High,Private,2,Male,68
28,85,6,64,1,Medium,Public,1,Male,68
29,92,4,91,1,High,Public,4,Female,75
17,60,6,66,0,Medium,Public,2,Female,58
27,87,6,56,0,High,Public,2,Male,68
20,96,5,92,0,Medium,Public,3,Female,70
23,88,7,94,3,Medium,Private,1,Male,71
5,84,7,53,1,High,Public,3,Male,62
9,70,8,82,2,High,Public,2,Female,62
30,95,7,90,3,Medium,Public,1,Male,74
25,63,8,63,0,High,Private,1,Female,65
20,79,5,74,1,Medium,Public,5,Male,67
24,73,6,82,0,Medium,Public,2,Male,63
27,88,7,60,2,Medium,Public,2,Female,72
18,99,7,86,1,Medium,Public,4,Female,70
16,64,9,88,1,High,Public,3,Male,64
20,66,9,72,1,High,Public,1,Female,64
24,60,10,60,3,High,Private,2,Female,65
22,91,7,66,0,High,Public,3,Female,69
15,60,9,65,1,High,Public,5,Male,60
19,70,7,66,1,Low,Private,4,Male,64
25,99,8,57,1,Low,Private,3,Male,70
15,63,7,74,4,Medium,Public,2,Male,62
24,99,5,99,0,Medium,Public,3,Female,72
17,80,9,57,4,Medium,Public,2,Male,68
21,94,5,73,0,High,Public,3,Female,70
21,89,9,99,0,Medium,Private,3,Male,69
16,73,8,62,0,High,Private,2,Female,65
19,65,8,93,1,High,Private,4,Male,64
20,77,7,58,0,Medium,Public,3,Male,66
21,66,6,76,3,Medium,Private,1,Female,65
19,91,7,57,3,High,Public,3,Female,69
17,85,9,74,1,Medium,Private,2,Male,67
15,94,7,84,0,High,Public,2,Male,68
11,76,8,91,1,High,Private,3,Female,64
34,72,9,88,1,Medium,Private,3,Male,73
16,100,7,52,4,Medium,Public,4,Female,71
15,78,5,73,0,High,Private,1,Male,64
18,87,6,92,1,Medium,Private,4,Female,68
19,74,7,68,2,High,Public,2,Female,66
28,87,6,52,4,Low,Private,3,Female,70
20,70,9,75,3,Medium,Public,4,Male,66
14,61,10,71,2,Medium,Public,4,Male,59
15,69,9,79,1,Medium,Private,2,Female,63
19,75,10,88,0,High,Public,2,Female,66
15,84,6,92,3,Medium,Public,3,Female,68
20,63,6,94,2,Medium,Public,3,Female,63
10,69,8,97,1,Medium,Private,3,Female,61
24,72,8,73,1,Medium,Public,2,Female,65
9,61,7,53,0,Medium,Public,2,Male,58
20,100,8,91,3,Medium,Public,3,Male,72
23,73,5,60,1,Medium,Private,2,Female,67
27,73,7,73,5,High,Public,3,Female,73
12,68,8,88,3,Medium,Public,3,Female,64
17,64,8,80,0,High,Public,2,Female,65
24,64,4,67,0,Medium,Public,1,Male,62
18,92,4,88,3,Medium,Public,2,Male,69
21,76,5,67,1,Low,Private,3,Male,66
11,84,6,59,2,Medium,Public,3,Female,64
23,76,6,78,2,Medium,Public,2,Female,66
15,69,8,73,2,Medium,Public,2,Male,61
22,60,7,83,3,Medium,Public,1,Female,62
28,80,6,96,2,Medium,Public,6,Male,73
15,85,4,61,0,Low,Public,1,Male,65
31,85,9,71,0,High,Public,2,Female,69
23,68,9,55,1,Medium,Public,3,Male,65
20,68,5,82,1,High,Public,3,Female,67
27,99,10,59,2,Medium,Public,3,Male,74
18,92,6,73,1,High,Public,5,Female,67
16,92,7,66,2,Medium,Public,4,Female,70
20,70,9,69,2,High,Public,3,Female,66
28,79,9,94,2,Medium,Private,5,Male,72
23,93,9,53,1,Medium,Private,4,Female,72
13,71,8,65,2,Medium,Public,4,Female,66
10,73,9,58,5,Medium,Private,3,Male,61
18,78,9,83,2,Medium,Private,2,Female,66
12,93,6,50,4,High,Public,3,Male,71
12,81,5,68,0,High,Private,2,Male,62
17,99,8,76,2,Medium,Public,4,Male,70
18,64,7,57,1,Medium,Public,3,Male,61
13,66,9,51,3,Medium,Private,2,Male,63
16,86,5,82,0,Medium,Public,4,Female,63
24,79,6,99,2,High,Public,3,Male,68
21,69,7,59,3,Medium,Public,3,Male,64
24,95,5,87,0,Medium,Public,2,Male,68
22,79,10,57,1,High,Public,2,Male,65
17,72,8,61,1,Medium,Public,4,Male,64
16,87,9,53,3,High,Private,5,Male,70
27,71,9,51,3,Medium,Public,1,Female,66
14,68,6,71,1,Medium,Public,3,Male,63
28,73,6,71,0,High,Private,2,Female,69
21,94,8,85,1,Medium,Public,4,Male,70
19,87,6,50,3,Medium,Public,2,Male,68
21,81,7,86,1,Medium,Public,4,Male,69
19,62,7,82,0,Low,Private,5,Male,62
22,60,8,89,2,High,Private,4,Male,66
11,66,7,74,3,High,Private,3,Female,62
27,77,7,86,1,High,Public,3,Male,70
16,86,5,94,0,Medium,Public,2,Male,68
25,81,4,60,2,Medium,Private,3,Male,68
17,87,9,53,3,Medium,Public,3,Female,67
18,65,8,63,1,Medium,Public,3,Male,63
34,61,9,63,2,Medium,Public,5,Female,65
5,93,7,81,1,High,Public,2,Female,65
21,95,8,57,1,Medium,Public,3,Male,69
3,78,8,54,2,Medium,Public,4,Male,61
20,93,6,78,1,Medium,Public,3,Female,70
25,61,8,65,3,Low,Public,3,Female,65
22,66,6,63,1,Medium,Private,5,Male,64
13,70,8,78,0,Medium,Private,3,Male,61
16,63,9,92,0,Medium,Private,3,Female,61
20,90,8,82,2,Medium,Private,4,Female,70
15,67,5,74,1,High,Public,2,Male,64
18,78,7,67,0,Medium,Public,3,Male,64
19,71,7,99,0,High,Public,4,Female,65
14,90,6,50,0,High,Private,3,Male,65
15,73,7,60,3,Medium,Public,4,Female,66
17,90,8,84,1,Low,Public,4,Female,67
14,87,8,74,0,High,Public,3,Male,64
10,85,6,81,3,Medium,Public,3,Female,66
23,90,7,66,2,High,Public,3,Female,71
18,73,8,74,3,High,Private,2,Male,66
16,63,6,57,2,Low,Public,3,Male,61
21,96,5,71,2,High,Public,4,Male,70
26,69,6,90,3,Medium,Public,3,Female,71
11,84,7,55,0,High,Public,3,Male,63
22,96,7,99,4,Medium,Public,4,Male,74
15,65,8,72,2,Medium,Private,2,Male,63
16,69,8,56,2,Medium,Private,3,Male,63
24,82,6,91,2,Medium,Public,1,Male,70
16,67,9,94,1,Medium,Private,2,Female,66
24,79,7,81,0,Medium,Public,2,Male,69
15,61,5,59,0,High,Public,4,Female,61
22,98,6,64,0,High,Public,3,Female,71
16,82,4,64,1,Low,Private,2,Male,65
8,73,8,78,0,High,Private,3,Male,63
15,60,7,66,2,Medium,Public,4,Male,62
7,82,6,99,2,High,Public,2,Male,66
18,75,9,87,3,Medium,Public,3,Female,67
15,86,9,68,0,Low,Public,3,Male,67
27,78,5,76,1,Medium,Private,4,Male,71
24,81,6,67,0,High,Public,2,Male,66
25,92,4,74,3,High,Public,2,Female,71
23,76,7,82,0,High,Private,1,Male,68
13,89,8,59,0,High,Public,2,Male,66
17,87,4,68,2,Low,Public,4,Male,68
25,65,6,50,2,Medium,Public,2,Female,64
12,81,6,85,0,Medium,Private,2,Male,64
24,95,8,77,1,Medium,Public,3,Male,71
15,84,7,79,1,High,Public,4,Female,68
23,100,4,69,0,High,Public,4,Female,72
17,80,7,52,2,Medium,Private,3,Female,67
21,78,6,97,0,Medium,Public,2,Female,69
16,74,8,56,1,Medium,Private,2,Female,65
28,71,8,66,2,Medium,Private,3,Male,69
22,69,6,74,1,Low,Public,3,Female,65
25,77,7,70,0,Medium,Public,5,Male,68
18,61,6,56,3,Medium,Public,3,Male,62
17,85,10,66,1,Medium,Public,1,Male,67
27,88,7,72,1,High,Public,1,Female,71
23,64,5,59,3,Medium,Public,5,Female,64
28,61,6,82,0,High,Public,3,Female,64
18,88,8,87,2,High,Public,2,Female,68
17,75,7,69,1,Medium,Public,4,Male,66
17,83,6,89,0,Medium,Public,4,Male,69
16,82,8,73,3,High,Public,1,Male,67
16,82,6,99,3,Medium,Public,2,Male,69
21,74,8,79,0,High,Private,4,Male,67
10,85,5,92,0,High,Private,4,Female,65
33,86,9,69,0,Medium,Public,3,Female,70
17,100,8,63,1,Medium,Private,5,Male,71
20,71,6,56,5,Medium,Private,5,Male,68
24,84,6,99,1,High,Public,2,Female,70
16,82,8,70,4,High,Public,4,Female,68
20,71,6,92,1,Medium,Private,4,Male,65
28,99,5,100,6,Medium,Private,5,Female,76
23,96,5,86,3,High,Public,3,Male,74
24,72,7,82,2,Medium,Private,4,Male,67
24,99,8,53,1,Medium,Private,3,Male,70
1,81,8,66,1,Medium,Public,2,Male,60
14,63,8,74,1,Medium,Private,4,Female,63
24,68,7,96,1,High,Public,3,Male,67
21,98,7,95,3,Low,Public,1,Male,72
18,64,8,84,2,Medium,Public,3,Female,64
12,71,8,100,2,Medium,Public,3,Male,63
18,65,6,83,1,High,Private,2,Male,64
6,73,8,93,0,Medium,Private,1,Female,58
22,77,7,85,2,Medium,Public,2,Male,68
7,72,4,94,4,Medium,Private,4,Male,66
12,94,9,89,1,Low,Private,3,Male,66
12,63,8,56,4,Medium,Public,4,Male,61
17,67,8,82,0,Medium,Public,4,Female,65
28,85,9,81,2,Medium,Public,3,Male,70
20,97,6,93,1,High,Public,1,Male,71
25,77,7,54,2,Medium,Public,1,Male,66
15,89,9,73,2,Low,Private,2,Male,66
27,87,9,88,1,High,Public,4,Male,72
35,64,6,85,2,High,Private,2,Male,68
21,83,6,95,4,High,Public,2,Female,70
10,71,6,86,1,Low,Public,2,Male,62
13,87,10,54,2,Medium,Public,2,Female,63
26,94,5,53,0,High,Public,2,Male,69
15,82,6,90,2,Medium,Public,2,Male,68
19,69,7,82,2,Medium,Public,3,Male,64
18,81,6,64,1,Medium,Public,4,Female,65
13,89,6,98,0,Medium,Private,4,Male,67
12,85,6,82,1,Medium,Public,2,Male,66
22,78,8,69,2,Medium,Public,2,Female,67
12,96,5,88,0,Medium,Private,2,Female,70
23,62,6,51,5,Medium,Public,2,Male,65
20,80,9,65,1,Medium,Private,3,Male,66
23,74,6,57,1,High,Private,3,Male,67
19,82,6,58,2,High,Private,3,Female,68
22,86,6,60,0,High,Public,3,Male,70
29,70,6,59,2,Medium,Private,4,Male,67
21,94,8,90,1,Medium,Public,4,Female,71
23,78,6,60,2,High,Public,4,Male,70
24,66,6,64,0,High,Public,4,Male,64
25,85,9,68,1,Medium,Public,3,Female,71
12,67,8,65,1,Medium,Public,3,Male,61
20,75,8,67,1,Low,Public,4,Male,66
22,94,9,53,1,High,Public,3,Female,68
14,63,9,72,3,Low,Public,4,Female,59
23,88,8,70,2,High,Public,4,Female,70
23,64,4,71,2,Medium,Public,1,Male,65
20,91,7,82,0,Medium,Public,4,Male,70
13,69,7,72,2,Medium,Public,2,Female,63
26,84,7,71,0,Medium,Public,2,Female,70
20,100,6,61,3,Medium,Public,4,Male,70
21,83,6,61,2,High,Public,3,Male,71
21,70,6,78,3,Low,Public,2,Male,65
16,95,6,69,2,High,Public,3,Male,67
25,81,8,86,1,Medium,Public,3,Male,68
20,78,8,89,0,Medium,Private,4,Female,66
17,69,10,56,1,Medium,Public,4,Female,63
16,92,7,76,0,Medium,Private,2,Male,68
24,62,6,91,2,Medium,Public,3,Female,65
25,70,9,94,1,Medium,Public,4,Male,67
16,82,6,81,1,Medium,Private,4,Male,68
21,70,6,61,1,Medium,Public,3,Male,62
23,62,7,67,1,Medium,Public,4,Female,65
13,64,5,72,2,Medium,Private,2,Male,63
17,68,7,99,2,Medium,Public,3,Female,65
14,82,4,67,1,Medium,Public,4,Female,65
21,66,7,61,2,High,Public,2,Male,66
21,79,7,88,0,Medium,Private,4,Male,65
9,72,10,91,1,Medium,Public,2,Female,62
17,77,10,93,3,High,Private,1,Female,68
14,62,7,97,0,Medium,Public,1,Male,62
23,66,7,76,1,Medium,Public,2,Male,64
19,73,9,94,1,Low,Public,1,Female,67
26,61,7,64,0,Medium,Private,3,Male,63
12,80,7,59,1,High,Public,2,Female,64
24,86,9,60,0,High,Private,3,Male,68
14,81,7,64,2,Medium,Public,4,Male,66
16,86,6,98,1,Medium,Public,3,Male,68
27,84,8,68,3,High,Private,2,Female,72
36,70,10,87,2,Medium,Public,3,Male,70
15,96,7,58,3,Medium,Public,4,Male,70
22,82,8,79,2,Medium,Public,1,Female,69
11,94,5,67,2,Medium,Public,5,Female,67
22,92,6,99,1,Medium,Public,4,Female,71
19,98,8,87,1,Medium,Private,4,Male,74
21,80,6,79,2,High,Public,3,Male,69
21,77,5,96,2,High,Private,5,Female,68
21,91,10,78,2,High,Public,2,Male,70
15,98,9,98,0,Medium,Private,3,Female,71
23,73,8,57,3,Medium,Public,2,Male,67
8,67,7,92,0,High,Private,2,Male,63
25,73,5,82,1,Medium,Private,3,Male,66
20,70,8,64,0,Low,Private,3,Male,61
30,79,7,78,3,High,Private,2,Female,72
35,63,6,90,0,Medium,Public,3,Male,71
30,92,7,52,3,Medium,Private,4,Male,73
16,100,7,82,2,Medium,Public,2,Male,73
24,63,8,60,3,Medium,Public,3,Male,65
15,95,9,62,2,Medium,Public,3,Male,69
17,60,7,61,1,Medium,Public,4,Female,61
17,72,8,96,2,High,Public,3,Male,65
24,70,6,54,1,Medium,Public,1,Female,64
21,99,7,91,3,Medium,Public,4,Male,74
20,79,8,83,3,Medium,Private,4,Male,67
12,99,7,66,3,Low,Private,1,Female,67
13,66,7,66,3,Medium,Public,2,Female,62
20,66,8,83,1,High,Public,2,Male,64
21,95,9,70,3,Medium,Public,3,Female,71
19,89,6,65,2,Medium,Public,3,Male,68
23,72,6,92,2,Medium,Public,3,Male,67
16,87,10,96,1,High,Public,1,Male,66
12,97,6,79,1,Medium,Public,2,Male,65
21,72,9,80,3,Medium,Public,4,Male,67
19,65,10,58,2,High,Private,3,Female,64
23,97,6,99,1,Medium,Private,3,Female,72
16,96,7,81,0,Low,Public,3,Male,66
28,67,7,51,2,Medium,Public,3,Female,67
18,61,6,96,0,Medium,Public,3,Male,63
18,85,6,57,2,High,Public,2,Male,67
22,71,7,98,2,High,Public,2,Female,65
20,81,8,69,1,Medium,Private,2,Female,65
24,88,8,74,0,High,Private,3,Male,71
18,97,7,79,3,Medium,Private,3,Male,71
20,81,6,54,0,Low,Public,2,Female,63
16,84,5,53,2,Medium,Public,1,Male,65
22,71,8,56,0,High,Public,2,Male,65
19,63,6,98,4,Medium,Private,2,Male,69
18,80,8,92,0,High,Private,1,Male,67
17,92,6,65,3,High,Public,2,Male,70
9,96,9,63,1,Medium,Private,1,Male,67
15,99,7,73,1,Medium,Public,3,Male,69
24,74,9,54,1,High,Public,3,Female,63
3,96,10,62,3,Medium,Private,4,Male,66
26,65,10,84,1,High,Public,4,Male,68
26,63,7,79,1,High,Public,2,Male,67
11,84,7,85,3,Medium,Public,4,Female,67
35,91,10,63,1,Medium,Public,5,Male,72
28,73,6,96,1,Medium,Public,0,Female,70
17,66,8,83,4,High,Private,5,Male,65
10,92,6,59,0,Medium,Public,2,Female,64
19,61,7,97,0,High,Public,3,Male,62
7,89,6,53,3,High,Private,2,Male,64
25,72,6,86,0,Low,Public,2,Female,66
9,64,10,68,0,Medium,Private,3,Male,57
7,74,10,69,1,Medium,Public,4,Male,64
19,74,8,76,5,High,Public,4,Female,68
22,61,5,60,0,Low,Private,2,Male,63
21,62,5,84,5,Medium,Public,4,Female,67
19,80,6,63,1,Medium,Public,3,Male,64
23,95,7,80,2,Medium,Public,4,Female,70
21,94,5,94,2,High,Private,2,Male,73
12,79,7,99,2,Medium,Public,2,Female,64
23,87,5,96,2,Medium,Public,3,Female,72
21,70,7,83,1,Medium,Public,3,Male,65
39,78,6,73,0,Medium,Public,2,Male,70
31,93,6,80,3,Medium,Public,2,Male,74
27,79,8,63,2,Medium,Public,5,Female,69
21,95,7,81,0,Medium,Public,3,Male,71
16,76,7,90,0,Medium,Public,3,Male,65
19,99,8,53,1,Medium,Private,4,Male,72
13,60,10,64,1,Medium,Public,4,Male,59
17,99,10,86,1,Medium,Private,2,Male,70
24,94,8,60,0,Medium,Public,3,Male,68
16,100,7,55,1,Medium,Public,2,Male,69
16,72,9,52,1,High,Public,1,Female,60
15,93,7,80,0,Medium,Public,3,Female,66
6,80,9,92,5,Medium,Public,2,Male,65
15,80,8,80,1,Medium,Public,4,Female,65
23,78,9,65,1,High,Public,2,Female,65
5,61,9,84,1,Medium,Public,3,Male,60
30,80,5,80,0,Medium,Private,4,Female,72
15,86,8,79,3,Medium,Public,3,Female,68
24,86,7,54,0,High,Public,2,Male,68
22,63,7,53,1,Medium,Public,4,Male,62
27,76,7,68,1,Medium,Public,3,Female,71
11,70,6,89,2,Medium,Public,4,Female,64
21,73,8,99,1,High,Public,4,Male,69
24,77,9,99,1,Medium,Public,1,Male,70
28,64,8,78,2,Medium,Private,3,Male,66
20,92,7,58,2,Low,Public,4,Female,70
21,98,6,55,1,Medium,Public,3,Male,70
17,93,5,50,3,Medium,Public,2,Male,67
14,72,8,75,4,Medium,Private,2,Male,64
13,72,8,56,1,High,Public,4,Female,64
18,97,5,79,2,High,Public,3,Male,70
27,92,6,99,4,Low,Private,3,Female,74
21,82,10,60,3,High,Public,4,Female,70
11,85,10,80,0,High,Public,3,Female,63
11,75,7,92,2,High,Public,4,Female,63
27,96,6,71,2,Medium,Public,2,Female,73
12,86,5,76,2,Medium,Public,3,Female,68
29,76,9,72,1,Medium,Public,3,Male,69
18,79,6,96,3,Low,Public,3,Male,69
17,91,8,85,3,High,Public,4,Female,71
12,72,6,60,0,Medium,Public,4,Male,62
21,94,7,73,2,Medium,Private,3,Female,71
24,63,6,90,2,Medium,Private,5,Female,66
21,93,9,70,0,High,Public,1,Female,68
15,89,8,96,3,High,Public,3,Male,69
12,96,4,95,3,Medium,Private,0,Male,69
23,97,8,60,1,High,Public,3,Male,72
15,67,5,59,0,Medium,Private,3,Male,59
31,95,5,99,1,Medium,Private,4,Female,74
26,78,6,72,1,Medium,Private,3,Female,67
20,84,8,68,0,Medium,Private,4,Male,69
15,71,6,68,5,Medium,Public,4,Female,64
21,72,6,96,4,Medium,Public,2,Female,66
19,81,8,90,2,Medium,Private,3,Female,67
22,78,5,61,2,Medium,Public,4,Male,68
18,98,7,90,0,High,Private,1,Male,68
20,66,8,93,2,High,Public,3,Male,65
19,74,9,82,2,Medium,Private,3,Male,66
34,93,6,93,2,High,Public,4,Male,77
16,100,8,65,1,Medium,Public,2,Female,69
20,91,6,64,0,Medium,Private,3,Female,69
31,88,7,83,0,Medium,Private,2,Male,72
22,96,7,70,2,Medium,Private,4,Male,70
20,71,8,70,0,High,Private,3,Female,62
16,84,6,93,0,Medium,Public,3,Male,69
18,91,8,82,3,Medium,Private,2,Male,70
14,93,5,75,0,High,Public,3,Male,65
21,93,7,67,2,Medium,Public,3,Female,68
19,73,7,85,1,Medium,Public,3,Male,65
20,76,6,94,2,High,Public,3,Male,65
14,67,5,86,0,Medium,Public,4,Female,64
23,64,6,60,2,Medium,Public,3,Female,65
19,93,7,84,0,Low,Public,2,Male,68
25,75,7,66,0,High,Public,4,Male,68
27,97,9,69,1,Medium,Private,2,Female,70
20,62,8,79,2,Medium,Public,1,Female,62
28,68,7,63,0,High,Public,2,Male,67
21,94,9,95,0,High,Private,3,Male,70
19,66,5,81,1,Medium,Private,3,Male,66
16,74,8,80,0,Medium,Public,4,Female,66
33,78,9,72,4,Medium,Public,3,Male,71
24,81,7,71,1,High,Public,3,Male,70
18,83,8,100,1,High,Private,2,Female,66
20,99,7,80,0,High,Public,3,Male,71
23,93,6,57,1,Medium,Public,2,Female,72
20,98,6,80,4,Medium,Public,4,Male,72
25,63,6,89,1,High,Private,4,Male,65
28,93,7,79,0,Medium,Public,4,Male,74
9,98,9,64,1,Medium,Private,3,Male,67
19,99,7,79,2,Medium,Private,2,Male,70
15,78,9,63,2,Medium,Private,3,Female,65
12,71,7,78,3,Medium,Public,4,Female,67
9,78,9,57,1,High,Public,5,Female,63
17,90,8,82,0,High,Public,4,Male,70
11,92,5,75,2,Medium,Public,3,Female,66
12,89,8,78,4,Low,Public,5,Female,69
23,84,8,59,1,High,Public,4,Female,66
24,62,7,95,1,Low,Public,3,Female,64
15,75,8,85,1,High,Public,3,Male,65
28,61,7,80,2,Medium,Public,4,Female,67
26,77,7,71,3,Medium,Public,3,Female,69
12,92,7,78,3,High,Public,2,Male,67
29,65,4,92,0,Medium,Private,4,Female,66
21,80,7,73,0,Low,Private,2,Female,65
27,76,9,58,1,Medium,Public,3,Female,68
23,96,6,70,1,Medium,Public,2,Male,71
17,65,6,61,5,Medium,Public,4,Female,64
18,98,6,62,3,High,Public,3,Female,71
22,65,8,98,4,Medium,Private,3,Female,66
28,72,7,60,4,Medium,Public,3,Male,69
29,96,8,85,3,Medium,Public,3,Male,76
17,64,7,78,1,Medium,Public,3,Male,64
18,100,8,66,3,Medium,Public,3,Male,69
18,68,8,52,0,High,Public,3,Male,67
9,90,7,79,4,High,Public,4,Male,70
20,83,6,51,2,Medium,Public,4,Female,65
